id;uuid;uri;file_name;mime_type;length
1;4a2728d7-2129-40ae-bc7c-24ecc19b69fc;Engineer;Tools TCP;Tasty Infrastructure Quality;17053
2;4f07d2a7-6a67-47a2-9a53-e4e7a45adc5e;GB;systems;Concrete;11491
3;9096d6f2-7159-4702-b9d5-9788a9cf3b76;Pennsylvania synergy;well-modulated;Wells Account input;52206
4;83f71712-d3c3-40aa-82e2-ec70c75c5bbd;synergistic;Polarised Concrete;Bacon;81122
5;81207ee1-987d-4eda-bd7b-9e07370b10ed;Costa synergies;California Nevada project;XSS lime Russian;5761
6;8682392b-88e6-462c-bcdc-79ff78a7767e;Pennsylvania Fish Tanzania;Rue;indigo;48440
7;0066b66a-ffe1-4fe0-97a1-e5fab45d6491;generation;sensor Buckinghamshire;mission-critical;61860
8;b85e1bd1-6b1d-4ea4-baba-3ceb8bd9826a;Lanka Borders convergence;Handmade;Computer Concrete Administrator;5091
9;eed4e739-be7d-4a3d-b35c-3bf478a7a1c9;invoice Hat Cotton;calculate;quantifying payment;48558
10;bae80604-20c9-414b-a7db-b7bc00f107ba;Spurs invoice;indexing Handmade;payment;58075
